John;Doe;frances82@mertz.com;61111111;61111111;Laboriosam.
Ezekiel;Wisoky;kglover@smitham.biz;61111111;61111111;"Eum ipsa."
Bridget;Braun;juliana77@weissnat.com;61111111;61111111;Dolor.
Anastasia;Morissette;lupe11@yahoo.com;61111111;61111111;"Laboriosam repellendus."
Octavia;Green;morris.romaguera@mclaughlin.com;61111111;61111111;Est.
Darwin;Breitenberg;reece.rolfson@waelchi.org;61111111;61111111;Perspiciatis.
Rylan;White;aimee.armstrong@graham.com;61111111;61111111;"Quibusdam ratione."
Marcelle;Ledner;semard@king.com;61111111;61111111;"Facilis et."
Clint;Kunze;stephanie.harvey@cassin.com;61111111;61111111;"Aliquid quo."
Verna;Hintz;moore.ashly@simonis.com;61111111;61111111;Totam.
Orrin;Gutmann;hodkiewicz.cecilia@hotmail.com;61111111;61111111;"Est eius."
Jermaine;Bergnaum;alva.ohara@yahoo.com;61111111;61111111;Est.
Colleen;Marquardt;kirlin.weldon@gmail.com;61111111;61111111;"Repellat dolorem."
Shanel;Huel;king.hudson@beatty.com;61111111;61111111;"Culpa mollitia."
Harmon;Schaefer;ritchie.dovie@yahoo.com;61111111;61111111;Sunt.
Madison;Gaylord;hellen.crona@kling.org;61111111;61111111;Quaerat.
Delphia;Williamson;sherwood84@wuckert.org;61111111;61111111;Inventore.
Geovanny;Cummings;tstanton@hane.com;61111111;61111111;Quis.
Idell;Oberbrunner;orempel@hotmail.com;61111111;61111111;Sunt.
Imelda;Hartmann;marvin.matilda@treutel.biz;61111111;61111111;"Fuga reprehenderit."
Christelle;Haley;buck.rath@gmail.com;61111111;61111111;"Voluptas est."
Graciela;Mann;anita69@rowe.com;61111111;61111111;Qui.
Matilde;Koss;kbrakus@hilll.net;61111111;61111111;"Iusto dolores."
Nico;Beier;waters.maida@hotmail.com;61111111;61111111;"Sed hic."
Frida;Goyette;davin.gaylord@heller.net;61111111;61111111;Quam.
Ramiro;Will;kiehn.samantha@nienow.com;61111111;61111111;Provident.
Sophia;Robel;awolff@wehner.com;61111111;61111111;"Cumque magnam."
Wilford;Borer;gerhold.anya@gmail.com;61111111;61111111;Id.
Unique;Champlin;brooklyn.bosco@hotmail.com;61111111;61111111;"Ab incidunt."
Dameon;Robel;mdaniel@yahoo.com;61111111;61111111;Eum.
Oscar;Windler;elza83@gmail.com;61111111;61111111;"Voluptas ut."
Loren;Graham;lera.mosciski@mcdermott.biz;61111111;61111111;Officia.
Micaela;Ziemann;aubree.bogisich@lockman.com;61111111;61111111;Numquam.
Oliver;Heidenreich;oconner.maryam@wisozk.info;61111111;61111111;Et.
Austen;Ortiz;watsica.kaela@reynolds.com;61111111;61111111;Modi.
Sage;Gerhold;alisha74@beahan.com;61111111;61111111;"Iste similique."
Jordon;Pfannerstill;aileen32@yahoo.com;61111111;61111111;Omnis.
Dorothea;Ortiz;sylvia.pfeffer@gmail.com;61111111;61111111;Eos.
Clotilde;Glover;felicia.dare@gmail.com;61111111;61111111;"Ut quo."
Rex;Leannon;esperanza.wilderman@huel.com;61111111;61111111;"Ut a."
Wilber;Stehr;afton.kling@rowe.net;61111111;61111111;"Commodi praesentium."
Macey;Kovacek;dana50@klein.net;61111111;61111111;"Quaerat delectus."
Laury;Ziemann;vyundt@watsica.com;61111111;61111111;"Voluptates ratione."
Brandon;Flatley;jaleel57@daniel.com;61111111;61111111;Qui.
Claudie;DuBuque;padberg.zetta@larson.com;61111111;61111111;"Quaerat qui."
Caleigh;Volkman;dillon.konopelski@mcclure.biz;61111111;61111111;"Exercitationem et."
Maye;Dickens;eliezer35@gmail.com;61111111;61111111;"Tenetur amet."
Urban;Jakubowski;qwisozk@kling.com;61111111;61111111;Dolore.
Malcolm;Yost;rohan.delilah@cartwright.com;61111111;61111111;Veniam.
Guido;Goldner;bridget14@hotmail.com;61111111;61111111;Cupiditate.
Carson;Kulas;clarabelle.legros@yahoo.com;61111111;61111111;"Quasi voluptatem."
Selena;Lehner;wolff.haylie@denesik.com;61111111;61111111;Ut.
Merl;Kohler;kristin53@gmail.com;61111111;61111111;Dolores.
Laury;Roberts;claudine.carter@hotmail.com;61111111;61111111;Sequi.
Queenie;O'Keefe;minnie28@crooks.com;61111111;61111111;Quia.
Sigmund;O'Reilly;langosh.gillian@gmail.com;61111111;61111111;"Libero voluptatum."
Ryleigh;Deckow;trace78@yahoo.com;61111111;61111111;Excepturi.
Clay;Hahn;margarette38@littel.com;61111111;61111111;Est.
Stevie;Price;frederique.moen@yahoo.com;61111111;61111111;"Qui iure."
Blaise;Treutel;ybalistreri@yahoo.com;61111111;61111111;"Dolorum id."
Irving;Satterfield;ebraun@botsford.com;61111111;61111111;"Minus reiciendis."
Gloria;Robel;aryanna.hayes@purdy.info;61111111;61111111;Vitae.
Lacey;Schimmel;zhomenick@stehr.net;61111111;61111111;Ut.
Maye;Jacobs;major.bartoletti@larkin.info;61111111;61111111;Veritatis.
Queenie;Wiegand;yhauck@yahoo.com;61111111;61111111;Nobis.
Nellie;Medhurst;carter.auer@aufderhar.com;61111111;61111111;"Consequatur qui."
Nella;O'Connell;rodrick.legros@yahoo.com;61111111;61111111;"Natus iste."
Rachael;Williamson;novella.schroeder@halvorson.biz;61111111;61111111;"Saepe adipisci."
Murl;Murazik;jmedhurst@kuhic.com;61111111;61111111;Aut.
Alvena;DuBuque;mohr.magali@hotmail.com;61111111;61111111;"Esse et."
Theodore;Pouros;janet94@klein.info;61111111;61111111;"Dolorem quia."
Torrey;Harris;sheridan.kessler@gmail.com;61111111;61111111;"Ut dolores."
Carmine;Fadel;edgardo67@gmail.com;61111111;61111111;Pariatur.
Deontae;McClure;xbeatty@keeling.org;61111111;61111111;"Quam occaecati."
Camden;Steuber;xromaguera@schuppe.com;61111111;61111111;Ut.
Chanelle;Huels;nikolas87@halvorson.info;61111111;61111111;Atque.
Claude;Glover;ada26@hotmail.com;61111111;61111111;Quis.
Maya;Boyer;khowell@yahoo.com;61111111;61111111;Minima.
Jamaal;Gerhold;ruecker.jonathon@gmail.com;61111111;61111111;Iusto.
Rocio;Feil;hilll.alessia@ferry.com;61111111;61111111;"Consequatur eum."
Emil;Goodwin;nupton@hotmail.com;61111111;61111111;Et.
Matt;Waelchi;murray.angus@larson.com;61111111;61111111;"Optio sapiente."
Anastasia;Lemke;orn.tyreek@yahoo.com;61111111;61111111;Reprehenderit.
Ezequiel;Stiedemann;tomas.fritsch@yahoo.com;61111111;61111111;Vero.
Virgie;Lueilwitz;bwalter@gmail.com;61111111;61111111;Ipsa.
Terence;Bradtke;wilderman.kennedy@weber.org;61111111;61111111;Qui.
Trisha;Fritsch;tjohns@yahoo.com;61111111;61111111;"Fugiat esse."
Justen;Quitzon;cruickshank.edgardo@gmail.com;61111111;61111111;"Consequatur eaque."
Drake;Larson;qfeeney@kuphal.com;61111111;61111111;"Sed ut."
Deja;Fahey;kiehn.mackenzie@schimmel.info;61111111;61111111;Earum.
Blaise;Huels;stamm.geovany@roberts.com;61111111;61111111;"Nesciunt vero."
Edyth;Bergstrom;tomas69@hotmail.com;61111111;61111111;Sint.
Kadin;Terry;hyatt.reilly@hills.biz;61111111;61111111;"Voluptatum voluptatem."
Estevan;Treutel;hullrich@kuhic.com;61111111;61111111;Aut.
Anthony;Kunze;xbernier@jacobi.info;61111111;61111111;Et.
Glennie;Leffler;floyd.corkery@yahoo.com;61111111;61111111;"Dolores nisi."
Dolly;Jones;umccullough@franecki.com;61111111;61111111;Libero.
Lynn;Schuster;qgaylord@cummings.info;61111111;61111111;Placeat.
Camilla;Torphy;ward.jordy@quigley.com;61111111;61111111;"Rerum fuga."
Bertram;Weissnat;nbayer@yahoo.com;61111111;61111111;"Facere excepturi."
Edwin;Erdman;tbarrows@gorczany.net;61111111;61111111;Sit.
Cary;Blick;schiller.catherine@hotmail.com;61111111;61111111;Voluptatem.
Dalton;Toy;napoleon88@gmail.com;61111111;61111111;A.
Isabella;Carter;raleigh92@gmail.com;61111111;61111111;Qui.
Clovis;Lakin;rankunding@yahoo.com;61111111;61111111;Quia.
Janice;Kertzmann;vonrueden.sibyl@hotmail.com;61111111;61111111;"Sit numquam."
Dulce;D'Amore;dleannon@botsford.info;61111111;61111111;"Magni aut."
Leanna;Ullrich;edmund21@gmail.com;61111111;61111111;"Error autem."
Darrin;Steuber;ressie.purdy@langosh.info;61111111;61111111;"Sapiente velit."
Dolores;Hyatt;kayden67@hotmail.com;61111111;61111111;"Doloremque ex."
Allen;Parisian;roconnell@gmail.com;61111111;61111111;Vel.
Anastacio;Douglas;lysanne.wilkinson@parisian.info;61111111;61111111;Temporibus.
Tristian;Bradtke;schuppe.mortimer@gutmann.net;61111111;61111111;Voluptatem.
Amber;Macejkovic;clair46@turner.com;61111111;61111111;"Autem esse."
Desmond;Runte;bogan.maybelle@hotmail.com;61111111;61111111;"Aut nesciunt."
Krystal;Beahan;cindy35@rosenbaum.com;61111111;61111111;"Molestiae quia."
Murphy;Leffler;hirthe.birdie@hackett.com;61111111;61111111;"Modi velit."
Lavern;Beatty;courtney.purdy@hotmail.com;61111111;61111111;Quod.
Murray;Strosin;tbecker@yahoo.com;61111111;61111111;Voluptas.
Craig;Leannon;goldner.candida@jakubowski.com;61111111;61111111;Necessitatibus.
Desiree;Kuvalis;jade87@boyle.com;61111111;61111111;"Reprehenderit et."
Ocie;Wyman;ylegros@miller.com;61111111;61111111;"Deleniti culpa."
Madie;Howell;nettie82@boyle.info;61111111;61111111;"Rerum perspiciatis."
Alvina;Buckridge;zelda.balistreri@hotmail.com;61111111;61111111;"Ea totam."
Delphine;Witting;merl.reilly@bailey.info;61111111;61111111;Sit.
Norbert;Mertz;yanderson@gmail.com;61111111;61111111;"Sit cupiditate."
Alphonso;Torphy;eloise.green@yahoo.com;61111111;61111111;"Dignissimos consequuntur."
Trever;Nicolas;rory16@yahoo.com;61111111;61111111;"Asperiores rerum."
Reba;Kuhlman;ima64@gibson.com;61111111;61111111;Voluptatum.
Alaina;Howell;pollich.loyce@gmail.com;61111111;61111111;Ducimus.
Hershel;Rowe;douglas.hellen@yahoo.com;61111111;61111111;"Explicabo assumenda."
Reese;Schinner;leonardo.dickens@wisoky.com;61111111;61111111;"Aut sunt."
Eino;Doyle;nlynch@douglas.com;61111111;61111111;"Voluptatem consequatur."
Concepcion;Cole;oswald17@yahoo.com;61111111;61111111;"Aut rerum."
Corrine;Cronin;wilderman.florencio@littel.biz;61111111;61111111;"Itaque veniam."
Palma;Cole;nikolaus.isaac@hagenes.com;61111111;61111111;"Ex nisi."
Joannie;Ward;beryl17@padberg.com;61111111;61111111;Ut.
Eveline;Ferry;lexus.glover@gmail.com;61111111;61111111;"Optio ducimus."
Porter;Trantow;hauer@yahoo.com;61111111;61111111;"Corporis recusandae."
Jarred;Heidenreich;rkling@yahoo.com;61111111;61111111;Dicta.
Jayda;Terry;trantow.zoey@hotmail.com;61111111;61111111;Eveniet.
Viola;Turcotte;ahalvorson@yahoo.com;61111111;61111111;Qui.
Jared;Skiles;lester.yost@fay.com;61111111;61111111;Sunt.
Verla;Bogan;agustina.hand@osinski.com;61111111;61111111;Consequatur.
Annalise;Schumm;hermann.anastacio@wilderman.net;61111111;61111111;"Possimus aut."
Florida;Glover;wgerlach@hessel.com;61111111;61111111;Rerum.
Lemuel;Rolfson;gabriel.reichel@gmail.com;61111111;61111111;"Tenetur aut."
Una;Goyette;magali.jenkins@walsh.org;61111111;61111111;Impedit.
Naomi;Parker;mraz.tristian@hotmail.com;61111111;61111111;Autem.
Augustus;Wisozk;caesar.schiller@cruickshank.com;61111111;61111111;Modi.
Edmond;Schuppe;aimee.keebler@kertzmann.biz;61111111;61111111;Nobis.
Nadia;Welch;laisha.buckridge@gmail.com;61111111;61111111;"Sit repudiandae."
Wilfred;Schowalter;rita09@yahoo.com;61111111;61111111;Laborum.
Amparo;Hirthe;abshire.charlene@hettinger.com;61111111;61111111;"Iusto fugiat."
Lydia;Klein;olin66@bogisich.com;61111111;61111111;"Sit eos."
Theresia;Barton;chelsie.fisher@hotmail.com;61111111;61111111;"Rem et."
Caden;Hackett;simonis.ruthe@yahoo.com;61111111;61111111;"Aspernatur amet."
Nicola;Schinner;michelle10@hettinger.info;61111111;61111111;Tempora.
Rylan;Wintheiser;marques.waelchi@emmerich.com;61111111;61111111;"Et ad."
Jayson;Boyle;vdoyle@hotmail.com;61111111;61111111;Voluptatem.
Muhammad;Boehm;feeney.ricky@yahoo.com;61111111;61111111;Velit.
Jerrod;Ebert;dhagenes@mcglynn.info;61111111;61111111;Ut.
Shayna;Schneider;jaquelin.ullrich@beahan.biz;61111111;61111111;"Ea unde."
Alexa;Lubowitz;eula.hamill@gmail.com;61111111;61111111;"Eum ut."
Dillan;DuBuque;mbogan@haag.info;61111111;61111111;Autem.
Nikki;Crona;wuckert.josephine@hotmail.com;61111111;61111111;Nesciunt.
Katrina;Kihn;savanna.prosacco@gmail.com;61111111;61111111;"Enim ea."
Diana;Muller;balistreri.raphaelle@hotmail.com;61111111;61111111;Beatae.
Deron;Dach;iwintheiser@macejkovic.biz;61111111;61111111;"Aspernatur et."
Weldon;Heaney;goldner.bradly@lehner.net;61111111;61111111;"Voluptas et."
Ruben;Emmerich;micaela.vonrueden@robel.biz;61111111;61111111;"Fugiat omnis."
Eric;Steuber;zena36@gmail.com;61111111;61111111;"Dignissimos consectetur."
Nia;Johns;diana.harber@hotmail.com;61111111;61111111;Laboriosam.
Mable;Bosco;muller.hank@block.org;61111111;61111111;"Dolorem quos."
Valentine;Beer;berge.devin@hotmail.com;61111111;61111111;Nam.
Brenden;Christiansen;jodie.vandervort@murazik.com;61111111;61111111;Sint.
Gregorio;Trantow;yesenia.aufderhar@hotmail.com;61111111;61111111;In.
Wilson;Nicolas;mario.hoeger@yahoo.com;61111111;61111111;Eum.
Waldo;Rath;kiehn.myrl@gmail.com;61111111;61111111;"Laborum ipsa."
Margarett;Hickle;vlind@yahoo.com;61111111;61111111;"Aliquam molestias."
Nedra;Tremblay;olaf.swaniawski@yahoo.com;61111111;61111111;Aspernatur.
Jacklyn;Barrows;pschimmel@schiller.biz;61111111;61111111;"Repudiandae itaque."
Barbara;Ritchie;bradly52@keeling.info;61111111;61111111;Nisi.
Emil;Nader;carlos.fahey@bartoletti.com;61111111;61111111;"Mollitia nam."
Anabelle;Muller;einar50@ohara.com;61111111;61111111;"Est doloribus."
Josiane;Renner;kareem.mante@quigley.org;61111111;61111111;Sed.
Deangelo;Cartwright;umayer@yahoo.com;61111111;61111111;Alias.
Deangelo;Klocko;zjenkins@yahoo.com;61111111;61111111;Optio.
Jed;Pfannerstill;queenie.kihn@schiller.biz;61111111;61111111;"Excepturi consequatur."
Delilah;Wyman;pollich.ulices@wiegand.com;61111111;61111111;Quam.
Princess;Hauck;folson@koch.com;61111111;61111111;"Quidem labore."
Chelsea;Kessler;mheidenreich@west.org;61111111;61111111;Suscipit.
Alexa;Dickinson;will.kris@gmail.com;61111111;61111111;"Veritatis et."
Fidel;Schamberger;brigitte99@yahoo.com;61111111;61111111;"Ut aut."
Norwood;Gutkowski;pansy81@will.com;61111111;61111111;"Quos suscipit."
Asha;Barrows;strosin.eileen@yahoo.com;61111111;61111111;Perspiciatis.
Garfield;Langosh;claud.ledner@hotmail.com;61111111;61111111;"Quae non."
Alanis;Rutherford;sawayn.nakia@beahan.net;61111111;61111111;"Officia illo."
Norwood;Hayes;schultz.oren@bahringer.com;61111111;61111111;"Nesciunt exercitationem."
Tremayne;Sauer;cgulgowski@okon.net;61111111;61111111;"Eum corrupti."
Eveline;Hahn;leuschke.brooke@fahey.com;61111111;61111111;"Sed omnis."
Rosalee;O'Kon;mborer@yahoo.com;61111111;61111111;"Expedita porro."
Keaton;Carter;lexie61@upton.com;61111111;61111111;Dolores.
Remington;Schuppe;demarcus.denesik@gmail.com;61111111;61111111;Dignissimos.
Kobe;Russel;olson.vernie@hotmail.com;61111111;61111111;Consequatur.
Rene;Adams;madisyn88@yahoo.com;61111111;61111111;Rerum.
Leora;Simonis;wiza.eden@towne.com;61111111;61111111;Et.
Ernesto;Goldner;narciso05@jakubowski.net;61111111;61111111;"Quisquam cupiditate."
Marcus;Vandervort;rdurgan@mclaughlin.org;61111111;61111111;Quae.
Noelia;Gerlach;josefa.dach@jacobson.info;61111111;61111111;"Quibusdam libero."
Jakayla;O'Kon;stanton.santos@mcglynn.com;61111111;61111111;"Dolorem fuga."
Larue;Osinski;toy83@gmail.com;61111111;61111111;Et.
Emerson;Hamill;nitzsche.reymundo@towne.com;61111111;61111111;"Ut sed."
Arely;Herman;shanahan.kaci@hotmail.com;61111111;61111111;Consequatur.
Casandra;Lubowitz;terrence.hoeger@yahoo.com;61111111;61111111;"Numquam dolor."
Cassie;Hodkiewicz;mcdermott.lessie@hotmail.com;61111111;61111111;"Et sunt."
Josie;Schinner;wilma.jenkins@heathcote.com;61111111;61111111;"Deserunt debitis."
Everette;Lebsack;naomi15@gmail.com;61111111;61111111;"Voluptatibus aut."
Ardith;Abernathy;feest.tyson@romaguera.net;61111111;61111111;"Ut totam."
Mikel;O'Connell;larson.adah@padberg.org;61111111;61111111;Aliquam.
Madeline;Cartwright;kuhn.mekhi@hotmail.com;61111111;61111111;"Esse voluptatibus."
Sunny;Hoppe;destany63@white.com;61111111;61111111;"Maiores consequuntur."
Everette;Beahan;smitham.brycen@gmail.com;61111111;61111111;"Cum in."
Earl;Wuckert;torey.ledner@hotmail.com;61111111;61111111;Tempore.
Blanca;Rowe;crooks.halle@yahoo.com;61111111;61111111;Eveniet.
Jeffery;Gerhold;heloise.kertzmann@hotmail.com;61111111;61111111;"Eos rem."
Lessie;Orn;legros.myrl@armstrong.com;61111111;61111111;"Quisquam cumque."
Christa;Boyle;rosella29@hettinger.com;61111111;61111111;"Nobis rem."
Zackary;Douglas;sigurd.blanda@hotmail.com;61111111;61111111;Quo.
Kiana;Stamm;klein.macey@greenholt.net;61111111;61111111;Est.
Ozella;Nolan;ahoppe@hotmail.com;61111111;61111111;Nihil.
Lesly;Schowalter;enoch.legros@becker.net;61111111;61111111;Ut.
Henriette;Armstrong;ramon80@gmail.com;61111111;61111111;"Ex perspiciatis."
Adriana;Hoeger;precious08@hotmail.com;61111111;61111111;Temporibus.
Dana;Kuvalis;keira.muller@jacobs.com;61111111;61111111;"Qui et."
Casper;King;zachery01@hotmail.com;61111111;61111111;"Facilis sed."
Arvilla;Bogisich;diana.schmeler@koss.biz;61111111;61111111;Sunt.
Alisha;Franecki;donnie.bosco@gmail.com;61111111;61111111;"Aliquid ex."
Beaulah;Grady;cschuppe@ryan.com;61111111;61111111;Assumenda.
Lavina;Hermann;bernier.noemie@gmail.com;61111111;61111111;"Facilis deleniti."
Wellington;Ratke;tfay@zboncak.com;61111111;61111111;Ad.
Charlie;Collier;rosina87@yahoo.com;61111111;61111111;Saepe.
Coty;Goyette;emmet71@hotmail.com;61111111;61111111;Fugiat.
Danielle;Ebert;mhansen@donnelly.info;61111111;61111111;"Et numquam."
Sunny;Kozey;ltorp@hotmail.com;61111111;61111111;A.
Minerva;Borer;mcglynn.amy@hotmail.com;61111111;61111111;"Aut sunt."
Mireille;Johnson;adicki@reichel.biz;61111111;61111111;Pariatur.
Marshall;Ondricka;stehr.guido@johnson.com;61111111;61111111;Ipsam.
Sandra;Klein;vicente.mcglynn@breitenberg.org;61111111;61111111;Magni.
Verlie;Schinner;cole.jacey@yahoo.com;61111111;61111111;"Tempore non."
Giovanna;Nienow;vicente.stanton@gmail.com;61111111;61111111;"Et unde."
Forest;Ziemann;sawayn.ted@hotmail.com;61111111;61111111;Mollitia.
Larry;Nolan;zchristiansen@nader.com;61111111;61111111;"Deserunt in."
Alisha;Rutherford;vheathcote@hotmail.com;61111111;61111111;Tempore.
Conor;Prohaska;hammes.maria@yahoo.com;61111111;61111111;"Fuga quia."
Marcos;Cruickshank;alene53@bogan.net;61111111;61111111;"Quisquam nihil."
Santino;Hackett;arlene.block@hotmail.com;61111111;61111111;"Non dolor."
Libbie;Bashirian;cary.bahringer@boyer.com;61111111;61111111;Fuga.
Keith;Schuster;karianne60@gmail.com;61111111;61111111;"Temporibus eaque."
Stella;Cruickshank;blanda.napoleon@rosenbaum.org;61111111;61111111;Laborum.
Jewel;Tremblay;elmer.reichert@koch.net;61111111;61111111;"Et aut."
Laurine;Goldner;hoyt.weissnat@gmail.com;61111111;61111111;"In unde."
Lucio;Pfeffer;shackett@yahoo.com;61111111;61111111;Rerum.
Gregory;Satterfield;lorenza.von@jakubowski.com;61111111;61111111;Nihil.
Danial;Graham;kessler.scot@yahoo.com;61111111;61111111;Id.
Nyah;Murphy;walsh.adrian@yahoo.com;61111111;61111111;"Reiciendis voluptas."
Nels;Bernier;janae.zboncak@yahoo.com;61111111;61111111;Enim.
Levi;Kub;oreilly.ephraim@yahoo.com;61111111;61111111;"Doloremque quidem."
Hermann;Lubowitz;jerel82@monahan.com;61111111;61111111;"Accusantium qui."
Nicolette;Hickle;runolfsdottir.miles@hotmail.com;61111111;61111111;Odit.
Merlin;Hamill;bgleichner@hotmail.com;61111111;61111111;Doloremque.
Naomi;Sawayn;xbeer@yahoo.com;61111111;61111111;"Nulla corrupti."
Treva;Kovacek;burnice.heller@johnston.com;61111111;61111111;"Architecto vel."
Marty;Heathcote;leann.haag@yahoo.com;61111111;61111111;"Dolorum temporibus."
Cydney;Harris;ottilie.christiansen@stamm.com;61111111;61111111;"Unde sit."
Jana;Cruickshank;pschuster@hackett.net;61111111;61111111;"Deleniti explicabo."
Deondre;Metz;otoy@predovic.biz;61111111;61111111;"Et accusamus."
Roselyn;Jerde;melody.pouros@yahoo.com;61111111;61111111;"Rem ullam."
Dale;Pollich;wiegand.jordy@mante.info;61111111;61111111;"Suscipit voluptate."
Robb;Hilpert;reinger.jamar@hotmail.com;61111111;61111111;Et.
Karson;Jenkins;roosevelt64@hotmail.com;61111111;61111111;"Dolor autem."
Norma;Schmitt;ashley51@weber.biz;61111111;61111111;Assumenda.
Fabian;Rodriguez;enrico.harris@yahoo.com;61111111;61111111;"Fuga asperiores."
Leif;Bauch;zbreitenberg@boyle.com;61111111;61111111;"Et culpa."
Eusebio;Bergstrom;mschuster@hotmail.com;61111111;61111111;"Sed consequuntur."
Hazel;Bruen;kihn.delfina@kutch.com;61111111;61111111;Praesentium.
Crystal;Fisher;emmerich.hope@davis.com;61111111;61111111;Aliquid.
Alice;Conn;leuschke.maximillian@yahoo.com;61111111;61111111;"Natus qui."
Tiffany;Balistreri;dtillman@hotmail.com;61111111;61111111;"Ut consequuntur."
Libby;Wisozk;keith.hirthe@funk.com;61111111;61111111;Accusantium.
Kellie;Jacobson;leann.blanda@gmail.com;61111111;61111111;Ut.
Yadira;Langworth;dhartmann@daugherty.org;61111111;61111111;"Consectetur delectus."
Angelica;Beer;astrid01@armstrong.com;61111111;61111111;Mollitia.
Trey;Collier;shanelle61@hotmail.com;61111111;61111111;"Sit distinctio."
Cheyenne;Macejkovic;steuber.lester@hotmail.com;61111111;61111111;"Sit magni."
Benedict;Crona;evie44@hotmail.com;61111111;61111111;Consectetur.
Ronaldo;Schimmel;umorissette@jerde.com;61111111;61111111;Hic.
Waino;Ruecker;samara77@johns.com;61111111;61111111;Aut.
Althea;Herzog;lura.hartmann@hotmail.com;61111111;61111111;"Iste sunt."
Adan;Cummerata;russel.yasmeen@mcglynn.com;61111111;61111111;Quam.
Howell;Romaguera;uschoen@hansen.net;61111111;61111111;"Expedita dolore."
Cruz;Farrell;rigoberto90@gmail.com;61111111;61111111;Enim.
Keara;Sporer;corkery.gerson@hotmail.com;61111111;61111111;Autem.
Mckenzie;Dooley;arvel68@ziemann.org;61111111;61111111;Aperiam.
Myrtis;Stanton;flatley.pearline@morar.com;61111111;61111111;"Soluta aspernatur."
August;Dietrich;bechtelar.caleb@sawayn.info;61111111;61111111;Quae.
Koby;Jacobson;fahey.jessika@schulist.info;61111111;61111111;"Non architecto."
Icie;Larson;josue.ondricka@bayer.com;61111111;61111111;Odio.
Belle;Leannon;stanton.nicole@yahoo.com;61111111;61111111;"Voluptatum distinctio."
Chance;Schmidt;ewald63@yahoo.com;61111111;61111111;Et.
Lempi;Cormier;block.brooks@hotmail.com;61111111;61111111;Alias.
Hector;Anderson;dwest@hotmail.com;61111111;61111111;Et.
Elisha;Jones;al.mante@bauch.biz;61111111;61111111;Repudiandae.
Katrine;Dibbert;dlind@hyatt.biz;61111111;61111111;"Soluta sit."
Mackenzie;Johns;zmitchell@monahan.com;61111111;61111111;Ea.
Nina;Beer;pharber@farrell.com;61111111;61111111;Ut.
Laurel;Nitzsche;eric67@adams.com;61111111;61111111;"Autem et."
London;Graham;howell.karli@yahoo.com;61111111;61111111;"Quia libero."
Valentina;Stehr;deondre.nitzsche@yahoo.com;61111111;61111111;"Iste quia."
Jenifer;Stanton;donnelly.katheryn@yahoo.com;61111111;61111111;"Sapiente nobis."
Alfreda;Hegmann;stanton.rosenbaum@yahoo.com;61111111;61111111;"Qui veritatis."
Wilmer;Mayer;pherzog@rosenbaum.net;61111111;61111111;Quia.
Pearline;Fadel;senger.deshawn@hotmail.com;61111111;61111111;"Doloremque quo."
Wilson;Conn;cormier.johathan@torp.com;61111111;61111111;"Harum aspernatur."
Marisol;Wiza;bhomenick@wehner.info;61111111;61111111;Vitae.
Isaias;Schumm;sam.bayer@gmail.com;61111111;61111111;"Illum in."
Rylan;Shields;wolff.cortez@yahoo.com;61111111;61111111;"Sit nulla."
Janessa;Kiehn;schmidt.christelle@yahoo.com;61111111;61111111;Quasi.
Juana;Douglas;bartoletti.jazmyne@auer.com;61111111;61111111;"Aut dolorem."
Cara;Schoen;remmerich@wiegand.info;61111111;61111111;"Ratione fugiat."
Leda;Schultz;kunze.timmothy@gmail.com;61111111;61111111;Qui.
Terrell;Conn;pbaumbach@yahoo.com;61111111;61111111;"Consequatur totam."
Holly;White;thaddeus.daniel@hotmail.com;61111111;61111111;Aut.
Kaleigh;Marks;giovanny.rutherford@hotmail.com;61111111;61111111;"Porro assumenda."
Nathaniel;Ledner;vlubowitz@bailey.com;61111111;61111111;"Quo impedit."
Robbie;Kilback;jordyn.barrows@hotmail.com;61111111;61111111;Et.
Kattie;Wisozk;haven.ebert@yahoo.com;61111111;61111111;"Earum minima."
Cleta;Effertz;cassidy89@gmail.com;61111111;61111111;"Numquam officia."
Zelda;Cremin;sanford.gilbert@oreilly.info;61111111;61111111;Tenetur.
Petra;Kuphal;ncollins@hermiston.biz;61111111;61111111;"Magni quas."
Kiarra;Dickens;sincere.wiegand@hotmail.com;61111111;61111111;Consequatur.
Winona;Zboncak;earnestine78@hotmail.com;61111111;61111111;Eos.
Isidro;Smith;hhand@gmail.com;61111111;61111111;"Doloribus voluptas."
Laurie;Bartoletti;jamie41@yahoo.com;61111111;61111111;Ut.
Raheem;Torp;stokes.virginia@yahoo.com;61111111;61111111;Quod.
Cydney;Ledner;patience47@kunde.com;61111111;61111111;Ex.
Krystal;Yost;hallie.gorczany@yahoo.com;61111111;61111111;"Asperiores esse."
Lauren;Christiansen;daren.schmitt@gmail.com;61111111;61111111;Aliquam.
Carolyn;Rutherford;laverna78@yahoo.com;61111111;61111111;Sunt.
Jamel;Funk;philip.price@yahoo.com;61111111;61111111;"Odit est."
Sydnee;Homenick;hellen56@hettinger.com;61111111;61111111;"Sint ea."
Lauretta;Rogahn;ruben.steuber@yahoo.com;61111111;61111111;Ratione.
Gerard;Robel;cesar.hane@gmail.com;61111111;61111111;Consequuntur.
Macey;Shields;shanel23@wilderman.com;61111111;61111111;"Quis voluptatem."
Hope;Windler;botsford.lucious@gmail.com;61111111;61111111;Voluptatibus.
Betsy;Kutch;loyal21@baumbach.net;61111111;61111111;Asperiores.
Mikel;Spinka;mueller.abdul@hahn.com;61111111;61111111;"Consequatur officia."
Bethel;Kovacek;hmurray@yahoo.com;61111111;61111111;Cumque.
Dudley;Jaskolski;mmann@bahringer.com;61111111;61111111;Illum.
Edwardo;Tromp;trevion.beatty@yahoo.com;61111111;61111111;"Perferendis dolores."
Precious;D'Amore;vito37@yahoo.com;61111111;61111111;"Neque quibusdam."
Carter;Buckridge;keanu.schmidt@yahoo.com;61111111;61111111;"Et corrupti."
Dortha;Kiehn;wbruen@gmail.com;61111111;61111111;Commodi.
Jayne;Conroy;anabel94@lowe.net;61111111;61111111;Delectus.
Arvilla;Roberts;qsimonis@yahoo.com;61111111;61111111;Animi.
Lamar;Hilpert;spinka.bart@mills.com;61111111;61111111;"Quisquam est."
Seamus;Grimes;forest54@kunde.info;61111111;61111111;Temporibus.
Jane;Bergstrom;mccullough.chesley@murazik.net;61111111;61111111;Dolores.
Josie;DuBuque;griffin.kohler@flatley.info;61111111;61111111;"Dolores cumque."
Geraldine;Howe;fiona.muller@hotmail.com;61111111;61111111;"Delectus asperiores."
Nona;Romaguera;gerard.kling@kris.com;61111111;61111111;Et.
Roslyn;Emmerich;ebraun@gmail.com;61111111;61111111;"Minima consequuntur."
Kristin;Veum;verdie.swift@gmail.com;61111111;61111111;"Eligendi quibusdam."
Ole;Rempel;paolo.king@tillman.com;61111111;61111111;"Vitae consequatur."
Rahul;Shanahan;wzemlak@yahoo.com;61111111;61111111;"Quis sunt."
Christop;Kertzmann;bergnaum.keegan@borer.biz;61111111;61111111;Non.
Dion;Leuschke;nelle74@haag.com;61111111;61111111;"Veniam qui."
Golda;Volkman;sylvia82@bernhard.com;61111111;61111111;Earum.
Kyla;Muller;reynolds.samir@grady.com;61111111;61111111;Assumenda.
Rafael;Ratke;leilani.mitchell@yahoo.com;61111111;61111111;Accusantium.
Yadira;Gleason;waino.lang@mckenzie.info;61111111;61111111;"Sequi hic."
Adela;Zulauf;schuppe.maxie@zemlak.com;61111111;61111111;Numquam.
Santa;Rempel;elsie.swift@schuppe.com;61111111;61111111;"Commodi est."
Ned;Jakubowski;wehner.agustina@king.net;61111111;61111111;"Deleniti et."
Beryl;Monahan;graham.euna@greenfelder.com;61111111;61111111;Qui.
Thaddeus;Block;jake02@hotmail.com;61111111;61111111;"Est voluptatem."
Sigrid;Greenfelder;marisa29@hotmail.com;61111111;61111111;"Fugiat commodi."
Blake;Jacobi;dlittel@hauck.com;61111111;61111111;"Suscipit et."
Brianne;Yost;candace.bruen@reilly.com;61111111;61111111;Aut.
Keon;Cassin;kovacek.brayan@gmail.com;61111111;61111111;"Itaque rem."
Wyatt;Roberts;yasmeen13@hotmail.com;61111111;61111111;"In asperiores."
Delfina;VonRueden;lester.dickens@wilkinson.com;61111111;61111111;A.
Edmund;Hilpert;gkoelpin@ankunding.com;61111111;61111111;Recusandae.
Kristoffer;Barrows;ybergnaum@kerluke.com;61111111;61111111;Nihil.
Jadon;Zieme;nitzsche.mallory@powlowski.com;61111111;61111111;"Tempore est."
Maeve;Kuhlman;cmarquardt@fritsch.biz;61111111;61111111;"Voluptas modi."
Guillermo;Friesen;alfred20@schowalter.com;61111111;61111111;"Sunt omnis."
Terry;Labadie;zrice@wisoky.com;61111111;61111111;Voluptatum.
Syble;Kuhic;jackson10@jast.com;61111111;61111111;"Et iusto."
Lelia;Schinner;haven78@yahoo.com;61111111;61111111;"Nesciunt voluptas."
Isaac;Bednar;gshanahan@mayert.biz;61111111;61111111;"Cupiditate repellat."
Electa;Paucek;ursula35@fay.com;61111111;61111111;Fugit.
Penelope;Wolff;araceli46@hotmail.com;61111111;61111111;Fugiat.
Morris;Anderson;fidel.harber@hotmail.com;61111111;61111111;"Quis delectus."
Russell;Morar;fritsch.heidi@lind.org;61111111;61111111;Quidem.
Brendan;Turcotte;shakira07@welch.com;61111111;61111111;"Deserunt et."
Antwon;Schinner;armando01@kshlerin.biz;61111111;61111111;"Velit quo."
Andy;Leannon;west.davonte@yahoo.com;61111111;61111111;"Maiores harum."
Rebekah;Shanahan;djacobi@yahoo.com;61111111;61111111;"Qui aut."
Cheyenne;Pouros;fermin74@schinner.com;61111111;61111111;"Odit non."
Janice;Towne;hcassin@lindgren.com;61111111;61111111;"Adipisci voluptate."
Clay;Pfeffer;enoch.armstrong@yahoo.com;61111111;61111111;"Amet ratione."
Amie;Yost;virgie.skiles@mann.com;61111111;61111111;"Et voluptates."
Madison;Hansen;krystal25@yahoo.com;61111111;61111111;"Aut molestiae."
Myles;Jakubowski;bradtke.alberta@hotmail.com;61111111;61111111;Doloremque.
Arno;Gaylord;nolan.yesenia@zboncak.com;61111111;61111111;"Vel commodi."
Alda;Ruecker;bartoletti.graciela@von.info;61111111;61111111;Odit.
Aniyah;Parker;pedro.christiansen@yahoo.com;61111111;61111111;"Minima dolores."
Haley;Moen;bednar.frederik@hodkiewicz.com;61111111;61111111;Temporibus.
Orin;Haag;orville.morissette@yahoo.com;61111111;61111111;"Odio laborum."
Perry;Dare;connelly.elwin@gmail.com;61111111;61111111;"Quisquam asperiores."
Judge;West;voreilly@yahoo.com;61111111;61111111;Aspernatur.
Madison;Padberg;lamar.oreilly@hotmail.com;61111111;61111111;Voluptatem.
Ismael;Hilpert;zola.keebler@gmail.com;61111111;61111111;Quibusdam.
Kraig;Gusikowski;jgoodwin@hotmail.com;61111111;61111111;Voluptatem.
Derrick;Rath;heathcote.delphine@yahoo.com;61111111;61111111;"Molestiae cumque."
Dedrick;Gulgowski;ffunk@hartmann.com;61111111;61111111;"Aspernatur sed."
Macey;Keebler;agustina.sawayn@gmail.com;61111111;61111111;"Aut ipsam."
Vince;Fisher;qupton@yahoo.com;61111111;61111111;Nemo.
Tate;Breitenberg;christa.kling@strosin.com;61111111;61111111;Fugiat.
Lisa;Bergstrom;crystal64@hotmail.com;61111111;61111111;Quaerat.
Charley;Mayer;harris.marge@gmail.com;61111111;61111111;"Tempora vel."
Letitia;Williamson;kaia82@gmail.com;61111111;61111111;"Exercitationem cumque."
Eulah;Hamill;stanton.crona@gmail.com;61111111;61111111;Dolorum.
Lavern;Baumbach;kmedhurst@carroll.biz;61111111;61111111;Facilis.
Matt;Jacobson;jensen.kub@nienow.com;61111111;61111111;Sint.
Kareem;Heaney;kmcclure@gmail.com;61111111;61111111;Totam.
Pauline;Hettinger;mercedes.ferry@nolan.net;61111111;61111111;Expedita.
Vella;Crona;schoen.marcia@yahoo.com;61111111;61111111;"Totam et."
Pansy;Schaden;umedhurst@hotmail.com;61111111;61111111;Enim.
Doris;Bechtelar;bosco.david@reynolds.net;61111111;61111111;"Praesentium aspernatur."
Sabina;Berge;kertzmann.adele@gmail.com;61111111;61111111;Consectetur.
Jorge;Bernier;fatima26@cummings.com;61111111;61111111;"Atque veritatis."
Ramiro;Haley;providenci38@kemmer.info;61111111;61111111;"Et repudiandae."
Laurie;Green;hudson80@ledner.com;61111111;61111111;"Fugiat inventore."
Darien;Jacobs;lindgren.gregg@yahoo.com;61111111;61111111;"Tenetur eos."
Joy;Reynolds;theo08@collins.com;61111111;61111111;Temporibus.
Kaylie;Tromp;carroll.rusty@gmail.com;61111111;61111111;"Qui voluptatem."
Lyla;Swaniawski;baby14@stamm.com;61111111;61111111;"Est amet."
Dovie;Swaniawski;merle69@funk.net;61111111;61111111;Aliquam.
Alva;Franecki;barney.ortiz@schinner.org;61111111;61111111;"Praesentium voluptatum."
Bret;Emard;pagac.regan@hotmail.com;61111111;61111111;"Doloribus nemo."
Myrna;Kuphal;randall50@langworth.com;61111111;61111111;Tenetur.
Layne;Emmerich;roob.ivah@pfeffer.org;61111111;61111111;"Quia recusandae."
Janiya;Buckridge;landerson@crist.biz;61111111;61111111;"Nemo amet."
Bertha;Bradtke;greenfelder.melvina@hotmail.com;61111111;61111111;Atque.
Palma;Zemlak;janice52@yahoo.com;61111111;61111111;Ipsam.
Euna;Sporer;margarete87@gmail.com;61111111;61111111;"Soluta recusandae."
Gene;Nolan;omer94@stehr.biz;61111111;61111111;"Quod et."
Johnathan;Bartoletti;kayley11@boyer.biz;61111111;61111111;"Officia incidunt."
Bailee;Luettgen;cberge@yahoo.com;61111111;61111111;Eveniet.
Kelsi;Rath;lebsack.reta@yahoo.com;61111111;61111111;"Consequuntur aut."
King;Kuhn;wiza.octavia@gmail.com;61111111;61111111;"Omnis doloremque."
Samantha;Bogisich;mafalda32@mante.com;61111111;61111111;Et.
Odie;Ziemann;johnnie.legros@gmail.com;61111111;61111111;Et.
Lacey;Stiedemann;jeramie78@wisozk.biz;61111111;61111111;Voluptatem.
Dana;Hand;qkreiger@yahoo.com;61111111;61111111;Facere.
Jessyca;Sawayn;jkonopelski@yahoo.com;61111111;61111111;"Itaque ut."
Olaf;Harber;idell.botsford@spinka.com;61111111;61111111;Perferendis.
Alycia;Wolf;lkub@weber.com;61111111;61111111;Repudiandae.
Dewayne;Buckridge;bednar.vesta@yahoo.com;61111111;61111111;"Rerum aliquid."
Lester;Rowe;lorenzo99@yahoo.com;61111111;61111111;"Accusamus mollitia."
Chase;Haley;goldner.katheryn@gmail.com;61111111;61111111;"Dolorem explicabo."
Nicola;Monahan;xrobel@gmail.com;61111111;61111111;Magni.
Elda;Hintz;beulah70@yahoo.com;61111111;61111111;Eaque.
Rylan;Hodkiewicz;addie.bechtelar@gmail.com;61111111;61111111;Aliquam.
Remington;Koepp;edythe.pfeffer@gmail.com;61111111;61111111;"Ducimus at."
Margret;Zboncak;angus.huel@hotmail.com;61111111;61111111;Nemo.
Lane;Bauch;schmitt.ophelia@treutel.info;61111111;61111111;"Labore voluptas."
Lue;Friesen;fredy.predovic@king.com;61111111;61111111;Doloribus.
Lula;Hegmann;mweber@gmail.com;61111111;61111111;Laudantium.
Wilfred;Mitchell;frankie26@kreiger.com;61111111;61111111;Vitae.
Taryn;Carroll;misael89@gmail.com;61111111;61111111;"Eum aliquid."
Layne;Schaden;isaiah13@vonrueden.net;61111111;61111111;Sunt.
Anissa;Dickinson;berge.jayne@hotmail.com;61111111;61111111;"Dignissimos sit."
Halle;Stroman;hanna65@hotmail.com;61111111;61111111;"Totam ullam."
Gaetano;Hirthe;mhoppe@shields.com;61111111;61111111;"Soluta molestias."
Asia;Schoen;mittie.herzog@gmail.com;61111111;61111111;"Fuga itaque."
Fiona;Davis;jheathcote@hotmail.com;61111111;61111111;"Ea sit."
Colby;Will;dbradtke@gmail.com;61111111;61111111;Maxime.
Reece;Gleichner;sbauch@hickle.com;61111111;61111111;Excepturi.
Cassandra;Moore;ckihn@ernser.org;61111111;61111111;Et.
Xavier;Hammes;rogelio.ullrich@gmail.com;61111111;61111111;"Illum nihil."
Lera;Boyle;wehner.malinda@treutel.com;61111111;61111111;"Eligendi aliquid."
Kaleb;Okuneva;gerard.stanton@yahoo.com;61111111;61111111;"Exercitationem esse."
Rosalyn;McLaughlin;qbalistreri@hotmail.com;61111111;61111111;Earum.
Tillman;Connelly;xcummings@yahoo.com;61111111;61111111;"Reiciendis delectus."
Sylvan;Bailey;frami.margie@kautzer.org;61111111;61111111;Corporis.
Velma;Rohan;darron59@nienow.com;61111111;61111111;Ut.
Joy;Bergnaum;earline.kris@gmail.com;61111111;61111111;"Quisquam eum."